Residue,New Name,Internal_mean,VDW_mean,EEL_mean,PBSOL_mean,NPSOL_mean,TOTAL_mean,Replica
R:A:ALA:174,Ala193,0.0,-0.8324752475247524,-0.013366336633663385,-0.01316831683168317,0.0,-0.8582178217821783,Replica 1
R:A:ALA:177,Ala196,0.0,-0.9903960396039604,-1.6454455445544554,0.6353465346534654,0.0,-2.0,Replica 1
R:A:ASN:387,Asn382,0.0,-1.9647524752475247,-4.77950495049505,2.0737623762376236,0.0,-4.671386138613862,Replica 1
R:A:CYS:412,Cys407,0.0,-0.95009900990099,-0.5706930693069306,0.20495049504950494,0.0,-1.3165346534653466,Replica 1
R:A:GLN:91,Gln110,0.0,-1.0406930693069307,-4.265742574257425,1.1965346534653465,0.0,-4.109306930693069,Replica 1
R:A:ILE:55,Ile74,0.0,-0.07919999999999999,-0.20900000000000002,-0.0599,0.0,-0.3475,Replica 1
R:A:LEU:164,Leu183,0.0,-0.6057425742574257,-0.3182178217821782,0.11316831683168317,0.0,-0.8099009900990098,Replica 1
R:A:PHE:178,Phe197,0.0,-1.558019801980198,2.634455445544554,-0.4686138613861386,0.0,0.6072277227722772,Replica 1
R:A:SER:90,Ser109,0.0,-1.6795049504950494,-1.067920792079208,0.9894059405940595,0.0,-1.7588118811881186,Replica 1
R:A:THR:170,Thr189,0.0,-0.43465346534653465,1.9616831683168316,-0.5623762376237624,0.0,0.9645544554455445,Replica 1
R:A:TRP:138,Trp157,0.0,-1.5791089108910892,0.8881188118811881,-0.016336633663366334,0.0,-0.7080198019801981,Replica 1
R:A:TRP:383,Trp378,0.0,-2.565742574257426,6.058514851485148,-1.2407920792079208,0.0,2.252673267326733,Replica 1
R:A:TYR:386,Tyr381,0.0,-1.8337623762376238,6.0134653465346535,-1.3181188118811882,0.0,2.8613861386138613,Replica 1
R:A:TYR:409,Tyr404,0.0,-1.739108910891089,3.802970297029703,-0.3196039603960396,0.0,1.7434653465346535,Replica 1
R:A:TYR:413,Tyr408,0.0,-0.452970297029703,2.9863366336633663,-0.7842574257425742,0.0,1.7486138613861388,Replica 1
R:A:TYR:87,Tyr106,0.0,-2.8184158415841587,1.2737623762376238,0.07940594059405942,0.0,-1.4652475247524754,Replica 1
R:A:VAL:390,Val385,0.0,-0.7367326732673267,-1.582871287128713,0.5220792079207921,0.0,-1.7967326732673268,Replica 1
R:A:VAL:94,Val113,0.0,-0.36970297029702975,2.2247524752475245,-0.5083168316831683,0.0,1.347920792079208,Replica 1
R:A:ALA:174,Ala193,0.0,-1.4831683168316834,1.0722772277227723,-0.2975247524752475,0.0,-0.7092079207920792,Replica 2
R:A:ALA:177,Ala196,0.0,-1.100990099009901,0.10306930693069305,0.16504950495049506,0.0,-0.8329702970297029,Replica 2
R:A:ASN:387,Asn382,0.0,-0.3979207920792079,2.4472277227722774,-0.2523762376237624,0.0,1.7977227722772278,Replica 2
R:A:ASP:86,Asp105,0.0,-0.49439999999999995,2.5548,3.1784,0.0,5.2385,Replica 2
R:A:CYS:412,Cys407,0.0,-1.1683168316831682,2.382079207920792,-0.4150495049504951,0.0,0.7984158415841585,Replica 2
R:A:GLN:91,Gln110,0.0,-0.9782178217821782,-0.7317821782178218,0.2741584158415842,0.0,-1.4364356435643566,Replica 2
R:A:LEU:164,Leu183,0.0,-0.582970297029703,0.15504950495049505,0.015247524752475244,0.0,-0.4125742574257426,Replica 2
R:A:PHE:178,Phe197,0.0,-0.8596039603960396,-1.3117821782178218,0.4538613861386139,0.0,-1.7168316831683168,Replica 2
R:A:SER:90,Ser109,0.0,-1.2428712871287129,3.5119801980198018,-0.4605940594059406,0.0,1.807920792079208,Replica 2
R:A:THR:170,Thr189,0.0,-1.0006930693069307,-3.34950495049505,0.9880198019801981,0.0,-3.3623762376237627,Replica 2
R:A:THR:173,Thr192,0.0,-0.9319801980198019,0.5993069306930693,0.13277227722772278,0.0,-0.2000990099009901,Replica 2
R:A:TRP:138,Trp157,0.0,-1.2773267326732671,1.7395049504950495,-0.19881188118811882,0.0,0.2626732673267327,Replica 2
R:A:TRP:383,Trp378,0.0,-3.041980198019802,-2.521089108910891,0.8334653465346535,0.0,-4.729306930693069,Replica 2
R:A:TYR:386,Tyr381,0.0,-2.1193069306930696,3.124752475247525,-0.43712871287128713,0.0,0.5683168316831683,Replica 2
R:A:TYR:409,Tyr404,0.0,-0.966039603960396,1.4476237623762378,-0.036138613861386115,0.0,0.445049504950495,Replica 2
R:A:TYR:413,Tyr408,0.0,-0.8552475247524752,-1.4112871287128712,0.5795049504950495,0.0,-1.6871287128712873,Replica 2
R:A:TYR:87,Tyr106,0.0,-2.9334653465346534,2.8414851485148516,0.051188118811881185,0.0,-0.04029702970297027,Replica 2
R:A:VAL:94,Val113,0.0,-0.29712871287128717,2.2944554455445547,-0.5575247524752476,0.0,1.439009900990099,Replica 2
R:A:ALA:174,Ala193,0.0,-0.7503960396039605,-0.43683168316831683,0.130990099009901,0.0,-1.056237623762376,Replica 3
R:A:ALA:177,Ala196,0.0,-1.6106930693069308,-0.6533663366336633,0.48079207920792083,0.0,-1.7831683168316832,Replica 3
R:A:ASN:387,Asn382,0.0,-0.8627722772277228,2.3262376237623763,-0.11257425742574259,0.0,1.3512871287128712,Replica 3
R:A:ASP:86,Asp105,0.0,-1.3625999999999998,2.4124,0.3618,0.0,1.4115,Replica 3
R:A:CYS:412,Cys407,0.0,-0.7612871287128713,-1.4585148514851485,0.6102970297029703,0.0,-1.608811881188119,Replica 3
R:A:GLN:91,Gln110,0.0,-1.0141584158415842,-1.8945544554455445,0.5824752475247524,0.0,-2.3266336633663367,Replica 3
R:A:ILE:161,Ile180,0.0,-0.09752475247524753,-0.6039603960396039,0.15920792079207918,0.0,-0.5417821782178218,Replica 3
R:A:PHE:178,Phe197,0.0,-0.6145544554455445,1.2955445544554456,-0.27841584158415844,0.0,0.40287128712871284,Replica 3
R:A:SER:165,Ser165,0.0,-0.015247524752475247,-0.008217821782178218,0.0019801980198019802,0.0,-0.0201980198019802,Replica 3
R:A:SER:90,Ser109,0.0,-1.9482178217821784,-3.073069306930693,1.3017821782178216,0.0,-3.71990099009901,Replica 3
R:A:THR:170,Thr189,0.0,-0.3779207920792079,1.1923762376237623,-0.24603960396039606,0.0,0.5688118811881189,Replica 3
R:A:THR:173,Thr192,0.0,-0.8915841584158416,-0.40970297029702973,0.17504950495049504,0.0,-1.1260396039603962,Replica 3
R:A:TRP:138,Trp157,0.0,-1.2306930693069307,1.1254455445544556,-0.11455445544554456,0.0,-0.2200990099009901,Replica 3
R:A:TRP:383,Trp378,0.0,-1.091980198019802,0.8491089108910892,0.00425742574257426,0.0,-0.23960396039603962,Replica 3
R:A:TRP:410,Trp405,0.0,-0.09752475247524753,0.8121782178217822,-0.1422772277227723,0.0,0.5719801980198019,Replica 3
R:A:TYR:386,Tyr381,0.0,-1.92,2.784158415841584,-0.3684158415841584,0.0,0.49504950495049505,Replica 3
R:A:TYR:409,Tyr404,0.0,-2.0815841584158417,-0.0345544554455446,0.429009900990099,0.0,-1.6873267326732673,Replica 3
R:A:TYR:413,Tyr408,0.0,-0.7732673267326732,2.6698019801980197,-0.6152475247524752,0.0,1.281089108910891,Replica 3
R:A:TYR:87,Tyr106,0.0,-3.2816831683168317,-1.449009900990099,0.9251485148514851,0.0,-3.804950495049505,Replica 3
R:A:VAL:390,Val385,0.0,-0.7113861386138614,-0.45504950495049507,0.15376237623762376,0.0,-1.0141584158415842,Replica 3
R:A:VAL:94,Val113,0.0,-0.3572277227722772,2.0933663366336632,-0.514950495049505,0.0,1.2208910891089109,Replica 3
