Residue,Internal_mean,Internal_sem,VDW_mean,VDW_sem,EEL_mean,EEL_sem,PBSOL_mean,PBSOL_sem,NPSOL_mean,NPSOL_sem,TOTAL_mean,TOTAL_sem
R:A:GLN:91,0.0,0.0,-1.0406930693069307,0.03167353814040258,-4.265742574257425,0.5022055779316242,1.1965346534653465,0.1280067630982147,0.0,0.0,-4.109306930693069,0.38086117263421815
R:A:TYR:87,0.0,0.0,-2.8184158415841587,0.04268204637360955,1.2737623762376238,0.5015431997520529,0.07940594059405942,0.12661509629403628,0.0,0.0,-1.4652475247524754,0.3814509193104147
R:A:ALA:177,0.0,0.0,-0.9903960396039604,0.02099831242256453,-1.6454455445544554,0.2607224739276231,0.6353465346534654,0.06578596623591376,0.0,0.0,-2.0,0.19322382240436728
R:A:VAL:390,0.0,0.0,-0.7367326732673267,0.01863941788859207,-1.582871287128713,0.23500260527874003,0.5220792079207921,0.05911715450749496,0.0,0.0,-1.7967326732673268,0.17545234939756887
R:A:SER:90,0.0,0.0,-1.6795049504950494,0.0335141099995488,-1.067920792079208,0.5905236360127649,0.9894059405940595,0.1494582177304809,0.0,0.0,-1.7588118811881186,0.44670446267397623
R:A:TRP:383,0.0,0.0,-2.565742574257426,0.030584842727184376,6.058514851485148,0.6060058717184184,-1.2407920792079208,0.14950834826641893,0.0,0.0,2.252673267326733,0.45272527658743617
R:A:ALA:174,0.0,0.0,-0.8324752475247524,0.0178876615147763,-0.013366336633663385,0.25331142642404547,-0.01316831683168317,0.06312174794180762,0.0,0.0,-0.8582178217821783,0.19282836959222607
R:A:CYS:412,0.0,0.0,-0.95009900990099,0.023532785240559944,-0.5706930693069306,0.4991251605455475,0.20495049504950494,0.1215123856916763,0.0,0.0,-1.3165346534653466,0.37701081833477496
R:A:THR:173,,,,,,,,,,,,
R:A:LEU:164,0.0,0.0,-0.6057425742574257,0.02145976965294582,-0.3182178217821782,0.2277580527986785,0.11316831683168317,0.056859550900228095,0.0,0.0,-0.8099009900990098,0.17719980863194548
R:A:THR:170,0.0,0.0,-0.43465346534653465,0.01109862568999633,1.9616831683168316,0.16763167245493385,-0.5623762376237624,0.04279056722992166,0.0,0.0,0.9645544554455445,0.1253688834033054
R:A:ILE:161,,,,,,,,,,,,
R:A:ASN:387,0.0,0.0,-1.9647524752475247,0.03244480280259271,-4.77950495049505,0.45245233601025975,2.0737623762376236,0.11390997413583548,0.0,0.0,-4.671386138613862,0.34378545087269474
R:A:ILE:55,0.0,0.0,-0.07919999999999999,0.0014885420974085938,-0.20900000000000002,0.06393802238942572,-0.0599,0.016008517303692626,0.0,0.0,-0.3475,0.048649722039755317
R:A:PHE:178,0.0,0.0,-1.558019801980198,0.029570194989590112,2.634455445544554,0.29770672908007134,-0.4686138613861386,0.07390816213221506,0.0,0.0,0.6072277227722772,0.2225621781543075
R:A:TRP:138,0.0,0.0,-1.5791089108910892,0.029473296862055173,0.8881188118811881,0.27300334429719214,-0.016336633663366334,0.06707978444091152,0.0,0.0,-0.7080198019801981,0.19711824966885858
R:A:SER:165,,,,,,,,,,,,
R:A:TYR:409,0.0,0.0,-1.739108910891089,0.01883545162240135,3.802970297029703,0.5329291659608915,-0.3196039603960396,0.13445260645305976,0.0,0.0,1.7434653465346535,0.4074760622415415
R:A:TYR:413,0.0,0.0,-0.452970297029703,0.01092054522489691,2.9863366336633663,0.2978221185746994,-0.7842574257425742,0.07631907311726399,0.0,0.0,1.7486138613861388,0.22349084769631894
R:A:TRP:410,,,,,,,,,,,,
R:A:TYR:386,0.0,0.0,-1.8337623762376238,0.03229193918518326,6.0134653465346535,0.8295633521083599,-1.3181188118811882,0.2089974992920311,0.0,0.0,2.8613861386138613,0.6158186377884186
R:A:VAL:94,0.0,0.0,-0.36970297029702975,0.009363353302118222,2.2247524752475245,0.19073949857857977,-0.5083168316831683,0.04837990526861962,0.0,0.0,1.347920792079208,0.14279184579096163
R:A:ASP:86,,,,,,,,,,,,
